Transaction Date,Posted Date,Card No.,Description,Category,Debit,Credit
2024-06-29,2024-07-01,2398,RAISU,Dining,200.14,
2024-06-29,2024-07-01,2398,SPOKESBICYCLERENTALS,Other Services,28.57,
2024-06-28,2024-07-01,2398,TST* MANNA,Dining,15.45,
2024-06-27,2024-06-28,2398,WSDOT-GOODTOGO ONLINE,Gas/Automotive,4.75,
2024-06-25,2024-06-25,2398,SP HUMANE BLANKS,Merchandise,90.00,
2024-06-22,2024-06-24,2398,TST* JACKS BBQ - SOUTH L,Dining,89.18,
2024-06-22,2024-06-24,2398,TST* TAPSTER - SEATTLE,Dining,10.93,
2024-06-21,2024-06-22,2398,Amazon Prime*KE5QT8Z63,Other Services,16.54,
2024-06-20,2024-06-21,2398,Amazon.com*8M7XZ8FN3,Merchandise,97.10,
2024-06-20,2024-06-21,2398,AMAZON MKTPL*X24AD8QQ3,Merchandise,67.29,
2024-06-20,2024-06-20,2398,CAPITAL ONE MOBILE PYMT,Payment/Credit,,213.20
2024-06-18,2024-06-19,2398,Amazon.com*FG9564XT3,Merchandise,38.61,
2024-06-12,2024-06-14,2398,AMERICAN AI 0012149839418,Airfare,49.00,
2024-06-13,2024-06-14,2398,FOSTERS FREEZE,Dining,6.33,
2024-06-12,2024-06-13,2398,YGF CUPERTINO LLC,Dining,59.08,
2024-06-11,2024-06-13,2398,BANH CUON TAY HO,Dining,60.18,
2024-06-11,2024-06-11,2398,CAPITAL ONE MOBILE PYMT,Payment/Credit,,527.08
2024-06-07,2024-06-08,2398,DAMSO.,Dining,141.65,
2024-06-05,2024-06-07,2398,APPLE STORE  #R003,Merchandise,98.08,
2024-06-06,2024-06-06,2398,AGI*LIABILITYINSURANCE,Insurance,129.00,
2024-06-05,2024-06-06,2398,Dr Martens Airwair USA LL,Merchandise,154.35,
2024-06-04,2024-06-06,2398,RPNW SEATTLE BOAT ST 1401,Gas/Automotive,4.00,
2024-06-05,2024-06-05,2398,CAPITAL ONE MOBILE PYMT,Payment/Credit,,724.97
2024-06-02,2024-06-03,2398,SAIGON DELI INC,Dining,14.00,
2024-06-01,2024-06-03,2398,SDOT PAYBYPHONE PARKING,Gas/Automotive,5.00,
2024-05-31,2024-06-03,2398,TST* LADY JAYE,Dining,38.80,
2024-05-31,2024-06-01,2398,KOREAN BAMBOO,Dining,30.38,
2024-05-30,2024-05-31,2398,APPLE.COM/BILL,Entertainment,9.99,
2024-05-30,2024-05-31,2398,TST* TAPSTER - SEATTLE,Dining,24.43,
2024-05-28,2024-05-29,2398,WWW.JCCCW.ORG,Other,300.00,
2024-05-27,2024-05-29,2398,SAFEWAY #1477,Merchandise,115.59,
2024-05-27,2024-05-28,2398,AMZN Mktp US*SJ1FC1333,Merchandise,16.44,
2024-05-26,2024-05-28,2398,MENYA MUSASHI,Dining,30.80,
2024-05-27,2024-05-27,2398,CAPITAL ONE MOBILE PYMT,Payment/Credit,,836.04
2024-05-26,2024-05-27,2398,TOM SUSHI #44820,Merchandise,47.37,
2024-05-25,2024-05-27,2398,SAKU,Dining,22.13,
2024-05-25,2024-05-27,2398,MUJI ROBSON STREET,Merchandise,5.91,
2024-05-25,2024-05-27,2398,SPOKES BICYCLE RENTALS,Merchandise,64.13,
2024-05-23,2024-05-24,2398,COSTCO WHSE #0001,Merchandise,1.66,
2024-05-23,2024-05-24,2398,SQ *KANISHKA CUISINE OF I,Dining,82.39,
2024-05-21,2024-05-22,2398,Amazon Prime*L48PM0ID3,Other Services,16.54,
2024-05-19,2024-05-21,2398,WSFERRIES-COLMAN DOCK,Other Travel,64.20,
2024-05-19,2024-05-21,2398,TST* BAINBRIDGE BREWING A,Dining,14.25,
2024-05-19,2024-05-20,2398,TST* STOUP BREWING - CAP,Dining,8.28,
2024-05-18,2024-05-20,2398,AMZN Mktp US*RP8OT9XC3,Merchandise,45.24,
2024-05-18,2024-05-20,2398,WHOLEFDS WSL 10216,Merchandise,200.00,
2024-05-17,2024-05-20,2398,TST* TAPSTER - SEATTLE,Dining,6.78,
2024-05-16,2024-05-17,2398,DHL EXPRESS - BFI,Other Travel,175.96,
2024-05-16,2024-05-17,2398,SQ *RETREAT,Dining,14.75,
2024-05-15,2024-05-17,2398,SDOT PAYBYPHONE PARKING,Gas/Automotive,1.67,
2024-05-14,2024-05-15,2398,COSTCO GAS #0001,Gas/Automotive,15.23,
2024-05-14,2024-05-15,2398,COSTCO WHSE #0001,Merchandise,89.06,
2024-05-14,2024-05-15,2398,COSTCO WHSE #0001,Merchandise,3.31,
2024-05-14,2024-05-15,2398,COSTCO WHSE #0001,Merchandise,2.20,
2024-05-12,2024-05-14,2398,Tanoor Lebanese Grill,Dining,91.52,
2024-05-12,2024-05-14,2398,BROWN BEAR CAR WASH #1026,Gas/Automotive,3.00,
2024-05-10,2024-05-10,2398,CAPITAL ONE MOBILE PYMT,Payment/Credit,,594.42
2024-05-08,2024-05-09,2398,STEAMGAMES.COM 4259522985,Internet,29.99,
2024-05-03,2024-05-04,2398,SP HUMANE BLANKS,Merchandise,170.00,
2024-05-02,2024-05-04,2398,REINVENT-CAFE,Dining,11.86,
2024-05-01,2024-05-02,2398,RAMA WORKS,Merchandise,71.20,
2024-05-01,2024-05-02,2398,COSTCO WHSE #0001,Merchandise,4.40,
2024-04-29,2024-05-01,2398,TST* TAVERN HALL,Dining,24.72,
2024-04-30,2024-04-30,2398,CAPITAL ONE MOBILE PYMT,Payment/Credit,,175.07
2024-04-29,2024-04-29,2398,STEAMGAMES.COM 4259522985,Internet,39.78,
2024-04-28,2024-04-29,2398,AMZNFreeTime*7S33H5H83,Entertainment,5.51,
2024-04-27,2024-04-29,2398,BROWN BEAR CAR WASH #1026,Gas/Automotive,14.00,
2024-04-26,2024-04-29,2398,HERTZ #0110819,Car Rental,107.04,
2024-04-27,2024-04-29,2398,TST* KATES GREEK AND AME,Dining,100.48,
2024-04-27,2024-04-29,2398,CHEVRON 0201095,Gas/Automotive,15.44,
2024-04-25,2024-04-27,2398,MOGU MOGU - COSTA MESA,Dining,41.50,
2024-04-25,2024-04-26,2398,SQ *OMOMO TEA SHOPPE,Dining,6.95,
2024-04-24,2024-04-26,2398,PORTOS BAKERY BUENA PARK,Dining,14.92,
2024-04-24,2024-04-25,2398,HANYANG RESTAURANT,Dining,57.54,
2024-04-21,2024-04-22,2398,Amazon Prime*AB06H8DI3,Other Services,16.54,
2024-04-21,2024-04-22,2398,WPY*RoozenGaarde,Merchandise,17.99,
2024-04-19,2024-04-22,2398,THE PORT OF PERI PERI,Dining,19.63,
2024-04-20,2024-04-20,2398,CAPITAL ONE MOBILE PYMT,Payment/Credit,,330.21
2024-04-16,2024-04-17,2398,SQ *SEN DAI SUSHI,Dining,57.21,
2024-04-13,2024-04-15,2398,FANTASIA COFFEE & TEA,Dining,7.45,
2024-04-13,2024-04-15,2398,LA CUEVA MEX GRILL,Dining,36.65,
2024-04-13,2024-04-15,2398,INTUIT *TURBOTAX,Merchandise,193.00,
2024-04-12,2024-04-12,2398,CAPITAL ONE MOBILE PYMT,Payment/Credit,,374.54
2024-04-10,2024-04-12,2398,TST* CACTUS - BELLEVUE SQ,Dining,35.90,
2024-04-07,2024-04-08,2398,SQ *DANTINI,Entertainment,69.35,
2024-04-07,2024-04-08,2398,TST* TAPSTER - SEATTLE,Dining,14.67,
2024-04-04,2024-04-06,2398,SDOT PAYBYPHONE PARKING,Gas/Automotive,2.50,
2024-04-03,2024-04-04,2398,SQ *DANTINI,Entertainment,30.92,
2024-04-03,2024-04-03,2398,SEATTLEUPPERROOM,Other,200.00,
2024-04-03,2024-04-03,2398,CAPITAL ONE MOBILE PYMT,Payment/Credit,,536.95
2024-04-01,2024-04-03,2398,151 DAYS,Dining,57.10,
2024-04-01,2024-04-02,2398,SQ *MOLLY MOON BELLEVUE,Dining,7.44,
2024-03-31,2024-04-02,2398,WSFERRIES-COLMAN DOCK,Other Travel,37.60,
2024-03-31,2024-04-02,2398,WSFERRIES-BAINBRIDGE,Other Travel,17.90,
2024-03-31,2024-04-02,2398,TST* BAINBRIDGE BREWING A,Dining,14.25,
2024-03-31,2024-04-01,2398,TST* BRUCIATO,Dining,70.65,
2024-03-30,2024-04-01,2398,TST* ISARN THAI SOUL FOOD,Dining,83.32,
2024-03-29,2024-04-01,2398,SDOT PAYBYPHONE PARKING,Gas/Automotive,2.50,
2024-03-29,2024-04-01,2398,UW PAY BY PHONE,Gas/Automotive,4.00,
2024-03-29,2024-03-30,2398,BLMF A LITERARY SALON,Merchandise,19.73,
2024-03-29,2024-03-30,2398,PRIME PARKING SYSTEMS LL,Gas/Automotive,17.00,
2024-03-28,2024-03-30,2398,ROCKCREEK SEAFOOD AND SPI,Dining,250.00,
2024-03-29,2024-03-29,2398,AMZNFreeTime*ZL0KI0SG3,Entertainment,5.50,
2024-03-27,2024-03-29,2398,IPM PAYBYPHONE,Gas/Automotive,7.06,
2024-03-28,2024-03-28,2398,CAPITAL ONE MOBILE PYMT,Payment/Credit,,58.71
2024-03-22,2024-03-25,2398,MENYA MUSASHI,Dining,33.67,
2024-03-21,2024-03-22,2398,Amazon Prime*R69E24U01,Other Services,16.53,
2024-03-18,2024-03-19,2398,MUSINSA,Merchandise,84.00,
2024-03-18,2024-03-18,2398,CAPITAL ONE MOBILE PYMT,Payment/Credit,,753.63
2024-03-16,2024-03-18,2398,LA CUEVA MEX GRILL,Dining,22.01,
2024-03-16,2024-03-18,2398,SC LOCUST GARAGE 2,Gas/Automotive,2.00,
2024-03-15,2024-03-18,2398,SQ *SEN DAI SUSHI,Dining,,99.50
2024-03-15,2024-03-16,2398,SQ *SEN DAI SUSHI,Dining,99.50,
2024-03-15,2024-03-16,2398,SQ *SEN DAI SUSHI,Dining,59.70,
2024-03-14,2024-03-16,2398,Global Blue Tax Free,Other,,2.69
2024-03-12,2024-03-16,2398,TOKYO GIFT PARETTO,Merchandise,27.28,
2024-03-13,2024-03-15,2398,WINGSTOP 2000,Dining,70.54,
2024-03-12,2024-03-15,2398,TOKYO ICHIBANGAI,Merchandise,14.01,
2024-03-13,2024-03-14,2398,APPLE.COM/BILL,Entertainment,24.99,
2024-03-12,2024-03-14,2398,NARITA AIRPORT,Merchandise,172.05,
2024-03-12,2024-03-14,2398,GIFT KIOSK,Merchandise,56.78,
2024-03-12,2024-03-14,2398,DAIMARU TOKYO,Merchandise,12.62,
2024-03-13,2024-03-13,2398,CAPITAL ONE MOBILE PYMT,Payment/Credit,,2354.86
2024-03-12,2024-03-13,2398,COSTCO WHSE #0001,Merchandise,1.65,
2024-03-12,2024-03-13,2398,THE UPS STORE 4417,Other Services,16.74,
2024-03-11,2024-03-13,2398,CHIKUYOTEI GINZATEN,Merchandise,61.52,
2024-03-11,2024-03-13,2398,"UNIQLO CO.,LTD",Merchandise,52.65,
2024-03-10,2024-03-13,2398,FAMILYMART,Merchandise,4.29,
2024-03-11,2024-03-13,2398,SLOW RUSH COFFEE,Other Services,7.51,
2024-03-11,2024-03-13,2398,MEGADONQUIJOTE SHIBUYAHON,Merchandise,74.49,
2024-03-10,2024-03-12,2398,RAKUTENPAY SMILEYCREPESAK,Merchandise,3.89,
2024-03-09,2024-03-12,2398,FAMILYMART,Merchandise,5.02,
2024-03-10,2024-03-12,2398,AZABUSABO HOKKAIDO ICE-CR,Dining,4.51,
2024-03-10,2024-03-12,2398,BUN COFFE  AKASAKA,Other Services,4.44,
2024-03-10,2024-03-12,2398,ONIBUS COFFEE,Other Services,26.11,
2024-03-10,2024-03-12,2398,KARAOKEKAN AKASAKAMITSU,Other Services,87.66,
2024-03-09,2024-03-12,2398,JR CENTRAL,Other Travel,90.94,
2024-03-08,2024-03-11,2398,HANDS UMEDA,Merchandise,18.78,
2024-03-09,2024-03-11,2398,"UNIQLO CO.,LTD",Merchandise,61.64,
2024-03-09,2024-03-11,2398,BICCAMERA AKIHABARA,Merchandise,13.52,
2024-03-09,2024-03-11,2398,KINAKOTOTORORI,Merchandise,2.80,
2024-03-09,2024-03-11,2398,TSUKUMO-EX,Merchandise,72.87,
2024-03-09,2024-03-11,2398,RO-SUTOBI-FUONOAKIHABAR,Dining,76.12,
2024-03-08,2024-03-11,2398,SUMIGUSU,Dining,8.47,
2024-03-08,2024-03-11,2398,DONQUIJOTE DOTONBORI,Merchandise,18.64,
2024-03-06,2024-03-09,2398,KAWARAMACHI OPA,Merchandise,213.81,
2024-03-07,2024-03-09,2398,SQ*MATCHA ROASTERY,Merchandise,8.06,
2024-03-07,2024-03-09,2398,ICE AT 21OF THE CLOCK,Dining,3.69,
2024-03-07,2024-03-09,2398,TSUEN,Merchandise,29.53,
2024-03-06,2024-03-08,2398,SQ*GOKAGO,Dining,5.08,
2024-03-06,2024-03-08,2398,SQ*LOOSE KYOTO,Dining,6.10,
2024-03-06,2024-03-08,2398,ICHIKAWAYA COFFEE,Other Services,23.65,
2024-03-04,2024-03-06,2398,TAKASHIMAYA KYOTOTEN,Merchandise,79.50,
2024-03-04,2024-03-06,2398,SOBANOMI YOSHIMURA,Dining,51.44,
2024-03-04,2024-03-06,2398,DAIMARU KYOTO,Merchandise,43.29,
2024-03-02,2024-03-05,2398,SEVEN-ELEVEN,Merchandise,6.34,
2024-03-02,2024-03-05,2398,SEVEN-ELEVEN,Merchandise,1.64,
2024-03-02,2024-03-05,2398,SEVEN-ELEVEN,Merchandise,6.40,
2024-03-02,2024-03-05,2398,JR CENTRAL,Other Travel,78.51,
2024-03-02,2024-03-04,2398,LAWSON,Merchandise,4.20,
2024-03-02,2024-03-04,2398,FUKUZUMIRO,Lodging,671.74,
2024-03-02,2024-03-04,2398,JR EAST SHOPPING CENTER,Merchandise,4.90,
2024-03-02,2024-03-04,2398,HAKONEYURIYO,Other Services,57.37,
2024-03-01,2024-03-04,2398,GURANRIVIERUHAKONE HAKONE,Merchandise,2.01,
2024-03-01,2024-03-04,2398,CHANOCHIMOTO,Other Services,28.82,
2024-02-29,2024-03-04,2398,TSUKIJIKANNO,Dining,21.28,
2024-02-29,2024-03-02,2398,"UNIQLO CO.,LTD",Merchandise,42.03,
2024-02-28,2024-03-02,2398,HUMAN MADE,Merchandise,125.28,
2024-02-28,2024-03-02,2398,PURE BLUE JAPAN,Merchandise,186.59,
2024-02-03,2024-03-01,2398,TSUKUSHINBO RESTAURANT,Dining,65.76,
2024-02-27,2024-03-01,2398,SEVEN-ELEVEN,Merchandise,3.02,
2024-02-27,2024-03-01,2398,SEVEN-ELEVEN,Merchandise,1.09,
2024-02-28,2024-03-01,2398,TONKATSUTSUKIUMAKAMIYAM,Dining,21.99,
2024-02-29,2024-02-29,2398,AMZNFreeTime*RZ2AW2Y80,Entertainment,5.50,
2024-02-03,2024-02-29,2398,TSUKUSHINBO RESTAURANT,Dining,,57.88
2024-02-27,2024-02-29,2398,MATSUMOTOKIYOSHI AKIBATEN,Health Care,10.40,
2024-02-27,2024-02-29,2398,STARBUCKS RESERVE ROASTER,Dining,6.98,
2024-02-27,2024-02-29,2398,DAIWA NAKAMEGURO,Merchandise,24.76,
2024-02-27,2024-02-29,2398,MORI BUILDING GROUP,Merchandise,14.64,
2024-02-27,2024-02-28,2398,SQ*FUGLEN ASAKUSA,Dining,4.00,
2024-02-24,2024-02-26,2398,PAIK'S NOODLE BELLEVUE,Dining,57.93,
2024-02-24,2024-02-24,2398,CAPITAL ONE MOBILE PYMT,Payment/Credit,,2895.55
2024-02-21,2024-02-22,2398,Amazon Prime*RI0Y18QF1,Other Services,16.53,
2024-02-20,2024-02-22,2398,CITY OF VAN PAYBYPHONE,Gas/Automotive,4.46,
2024-02-20,2024-02-22,2398,CITY OF VAN PAYBYPHONE,Gas/Automotive,1.49,
2024-02-20,2024-02-21,2398,JOHN 3:16 MALAYSIAN DE,Dining,39.43,
2024-02-20,2024-02-21,2398,GROUNDS FOR COFFEE INC,Dining,16.78,
2024-02-21,2024-02-21,2398,Earnest Ice Cream,Dining,6.73,
2024-02-20,2024-02-21,2398,EASY PARK - PAYBYPHONE,Gas/Automotive,13.93,
2024-02-20,2024-02-20,2398,TOM SUSHI #42198,Merchandise,76.31,
2024-02-19,2024-02-20,2398,MACHI MACHI VANCOUVER,Dining,7.57,
2024-02-19,2024-02-20,2398,SAKU,Dining,66.71,
2024-02-19,2024-02-20,2398,SPOKES BICYCLE RENTALS,Merchandise,28.22,
2024-02-18,2024-02-20,2398,JOHNNY ROCKETS,Dining,101.17,
2024-02-18,2024-02-20,2398,TST* KIN LEN LOCATION OF,Dining,65.04,
2024-02-16,2024-02-19,2398,TEAMLAB PLANETS TOKYO,Merchandise,101.46,
2024-02-17,2024-02-19,2398,CATHAYPACAIR1602391114415,Airfare,2225.80,
2024-02-17,2024-02-19,2398,SQ *FUJI BAKERY - ID,Dining,9.50,
2024-02-17,2024-02-17,2398,AMZN Mktp US*RI9P444Z1,Merchandise,5.49,
2024-02-13,2024-02-13,2398,SQ *SALT & STRAW ICE CREA,Dining,14.88,
2024-02-11,2024-02-12,2398,CAPITAL ONE MOBILE PYMT,Payment/Credit,,652.62
2024-02-12,2024-02-12,2398,SP YEEZY,Merchandise,60.64,
2024-02-11,2024-02-12,2398,WSDOT-GOODTOGO ONLINE,Gas/Automotive,1.45,
2024-02-09,2024-02-12,2398,DISTRICT-H,Merchandise,31.96,
2024-02-09,2024-02-10,2398,WHOLEFDS WSL 10216,Merchandise,16.52,
2024-02-08,2024-02-10,2398,EMERALD CITY FISH CO.,Dining,20.22,
2024-02-08,2024-02-10,2398,TST* MILK DRUNK,Dining,7.16,
2024-02-07,2024-02-09,2398,SDOT PAYBYPHONE PARKING,Gas/Automotive,3.75,
2024-02-04,2024-02-06,2398,DAEHO KALBIJJIM AND BEEF,Dining,496.72,
2024-02-04,2024-02-05,2398,CAPITAL ONE MOBILE PYMT,Payment/Credit,,303.86
2024-02-03,2024-02-05,2398,MODOO BANJEOM,Dining,31.66,
2024-02-03,2024-02-05,2398,IPM UWAJIMAYA VILLAGE,Gas/Automotive,18.71,
2024-02-03,2024-02-05,2398,TSUKUSHINBO RESTAURANT,Dining,57.88,
2024-02-02,2024-02-03,2398,COSTCO GAS #0001,Gas/Automotive,26.46,
2024-02-02,2024-02-03,2398,COSTCO WHSE #0001,Merchandise,119.16,
2024-02-02,2024-02-03,2398,COSTCO WHSE #0001,Merchandise,6.05,
2024-01-31,2024-02-02,2398,TST* PICK-QUICK DRIVE IN,Dining,12.88,
2024-01-30,2024-02-01,2398,DOMINO'S 7144,Dining,15.41,
2024-01-27,2024-01-30,2398,CITY OF VAN PAYBYPHONE,Gas/Automotive,1.49,
2024-01-28,2024-01-29,2398,AMZNFreeTime*R00O14VP1,Merchandise,5.50,
2024-01-27,2024-01-29,2398,SQ *KASAMA CHOCOLATE SHOP,Merchandise,16.44,
2024-01-27,2024-01-29,2398,SQ *LEE'S DONUTS GRANVILL,Dining,8.20,
2024-01-27,2024-01-29,2398,AQUABUS FERRY LTD.,Other Travel,10.44,
2024-01-27,2024-01-29,2398,EASY PARK CP150,Gas/Automotive,4.77,
2024-01-27,2024-01-29,2398,Earnest Ice Cream,Dining,5.88,
2024-01-27,2024-01-29,2398,EASY PARK - PAYBYPHONE,Gas/Automotive,13.92,
2024-01-25,2024-01-27,2398,CITY OF VAN PAYBYPHONE,Gas/Automotive,2.23,
2024-01-26,2024-01-27,2398,MACHI MACHI VANCOUVER,Dining,5.94,
2024-01-25,2024-01-27,2398,TOM`S SUSHI,Dining,43.24,
2024-01-26,2024-01-27,2398,Mister Ice Cream,Dining,5.85,
2024-01-26,2024-01-26,2398,CAPITAL ONE MOBILE PYMT,Payment/Credit,,589.59
2024-01-24,2024-01-25,2398,KAU KAU BBQ MARKET,Dining,37.15,
2024-01-22,2024-01-24,2398,DISTRICT-H,Merchandise,10.98,
2024-01-21,2024-01-23,2398,WHOLEFDS WSL 10216,Merchandise,22.55,
2024-01-21,2024-01-22,2398,Amazon Prime*R83R40HT2,Other Services,16.53,
2024-01-19,2024-01-19,2398,SQ *WINDY CITY PIE,Dining,43.10,
2024-01-14,2024-01-16,2398,SAFEWAY #1589,Merchandise,71.33,
2024-01-13,2024-01-15,2398,SAFEWAY #1589,Merchandise,60.33,
2024-01-13,2024-01-15,2398,SNOW.COM/VAIL RESORTS SKI,Entertainment,219.58,
2024-01-12,2024-01-15,2398,RENTAL CENTER,Merchandise,48.92,
2024-01-12,2024-01-15,2398,STEVENS PASS F&B,Dining,52.88,
2024-01-13,2024-01-13,2398,CAPITAL ONE MOBILE PYMT,Payment/Credit,,1069.83
2024-01-12,2024-01-13,2398,SQ *WHISTLEPUNK ICE CREAM,Merchandise,6.24,
2024-01-11,2024-01-11,2398,AMZN Mktp US*TK2ZI2Y71,Merchandise,13.67,
2024-01-05,2024-01-08,2398,CITY OF VAN PAYBYPHONE,Gas/Automotive,3.76,
2024-01-05,2024-01-08,2398,CITY OF VAN PAYBYPHONE,Gas/Automotive,0.94,
2024-01-05,2024-01-08,2398,TOM`S SUSHI,Dining,50.90,
2024-01-06,2024-01-06,2398,JOHN 3:16 MALAYSIAN DE,Dining,43.49,
2024-01-04,2024-01-06,2398,CITY OF VAN PAYBYPHONE,Gas/Automotive,0.38,
2024-01-04,2024-01-06,2398,CITY OF VAN PAYBYPHONE,Gas/Automotive,1.44,
2024-01-04,2024-01-06,2398,CITY OF VAN PAYBYPHONE,Gas/Automotive,0.75,
2024-01-05,2024-01-06,2398,CHEVRON 43376,Gas/Automotive,37.23,
2024-01-05,2024-01-06,2398,101 BOBA ALDERBRIDGE,Dining,5.21,
2024-01-05,2024-01-06,2398,ANGUS T,Dining,14.63,
2024-01-06,2024-01-06,2398,Mister Ice Cream,Dining,5.93,
2024-01-04,2024-01-06,2398,TENDON KOHAKU RESTAURANT,Dining,33.36,
2024-01-05,2024-01-06,2398,EASY PARK - PAYBYPHONE,Gas/Automotive,6.01,
2024-01-05,2024-01-06,2398,EASY PARK - PAYBYPHONE,Gas/Automotive,2.82,
2024-01-04,2024-01-05,2398,Amazon.com*TK3957CC1,Merchandise,5.17,
2024-01-04,2024-01-05,2398,AMZN Mktp US*TK30M5Q60,Merchandise,10.79,
2024-01-04,2024-01-05,2398,AMZN Mktp US*OY3Q12AV3,Merchandise,25.73,
2024-01-04,2024-01-05,2398,CITY OF VAN-PARKS AN BLOE,Other Services,11.67,
2024-01-04,2024-01-05,2398,MUJI ROBSON STREET,Merchandise,24.69,
2024-01-04,2024-01-05,2398,MACHI MACHI RICHMOND,Dining,7.65,
2024-01-05,2024-01-05,2398,LULULEMON #00120,Merchandise,107.68,
2024-01-04,2024-01-05,2398,SAKU,Dining,49.43,
2024-01-04,2024-01-05,2398,FISHERMAN'S TERRACE RESTA,Dining,54.01,
2024-01-02,2024-01-04,2398,KOREAN TOFU HOUSE,Dining,54.89,
2023-12-31,2024-01-02,2398,SQ *DANTINI,Entertainment,60.09,
2023-12-28,2023-12-30,2398,TST* RAMEN HAJIME,Dining,68.65,
2023-12-28,2023-12-29,2398,AMZNFreeTime*KL5U703W3,Merchandise,5.50,
2023-12-25,2023-12-26,2398,CAPITAL ONE MOBILE PYMT,Payment/Credit,,681.11
2023-12-23,2023-12-26,2398,TST* THE BUTTER HOUSE,Dining,68.40,
2023-12-25,2023-12-26,2398,WL *STEAM PURCHASE,Internet,9.99,
2023-12-24,2023-12-26,2398,KOI PALACE RESTAURANT,Dining,284.97,
2023-12-21,2023-12-22,2398,Amazon Prime*7C6QL9U83,Other Services,16.53,
2023-12-20,2023-12-21,2398,ACEKING BBQ,Dining,151.09,
2023-12-18,2023-12-19,2398,ONE PIECE LAMIAN,Dining,32.54,
2023-12-18,2023-12-18,2398,CAPITAL ONE MOBILE PYMT,Payment/Credit,,472.90
2023-12-16,2023-12-18,2398,JINS - VALLEY FAIR,Health Care,120.00,
2023-12-17,2023-12-18,2398,SP GENTLEMONSTERUSA,Merchandise,360.95,
2023-12-13,2023-12-14,2398,SQ *SEN DAI SUSHI,Dining,59.70,
2023-12-12,2023-12-13,2398,SINGAPOREAIR6184569683691,Airfare,40.00,
2023-12-11,2023-12-12,2398,REEBOK ECOMM,Merchandise,154.35,
2023-12-10,2023-12-11,2398,EPC*FORTNITE,Internet,22.99,
2023-12-08,2023-12-09,2398,BETSUTENJIN,Dining,101.28,
2023-12-07,2023-12-08,2398,AMC ONLINE 9640,Entertainment,17.51,
2023-12-07,2023-12-08,2398,AMAZON.COM*BC9BD64N3,Merchandise,17.57,
2023-12-03,2023-12-05,2398,DISTRICT-H,Merchandise,40.81,
2023-12-02,2023-12-04,2398,THE WOODS COFFEE BIRCH BA,Dining,6.35,
2023-12-02,2023-12-04,2398,BARONESS BUBBLE TEA -,Dining,6.50,
2023-12-03,2023-12-04,2398,Mister Ice Cream,Dining,5.84,
2023-12-01,2023-12-01,2398,CAPITAL ONE MOBILE PYMT,Payment/Credit,,2734.33
2023-11-29,2023-11-30,2398,SOUTHWES    5262228958162,Airfare,190.82,
2023-11-28,2023-11-29,2398,AMZNFreeTime*5M1YW0383,Merchandise,5.50,
2023-11-28,2023-11-29,2398,WL *Steam Purchase,Internet,4.99,
2023-11-25,2023-11-28,2398,HOTELPAY,Other Travel,777.58,
2023-11-26,2023-11-27,2398,CAPITAL ONE MOBILE PYMT,Payment/Credit,,2677.49
2023-11-25,2023-11-27,2398,BKG*HOTEL AT BOOKING.C,Other Travel,1499.68,
2023-11-26,2023-11-27,2398,SSENSE,Merchandise,93.38,
2023-11-25,2023-11-27,2398,SQ *HOKKAIDO RAMEN SANTOU,Dining,45.17,
2023-11-25,2023-11-27,2398,UWAJIMAYA BELLEVUE,Merchandise,70.04,
2023-11-25,2023-11-27,2398,CHEVRON 0204834,Gas/Automotive,25.33,
2023-11-25,2023-11-27,2398,SQ *STORY COFFEE BELLEVUE,Dining,21.84,
2023-11-23,2023-11-25,2398,SIREN STORE 22344,Dining,57.88,
2023-11-22,2023-11-24,2398,COAST COAL HARBOUR - F,Lodging,63.82,
2023-11-23,2023-11-24,2398,ASIAN FAMILY MARKET BE,Merchandise,23.66,
2023-11-22,2023-11-24,2398,SUN FRESH BAKERY HOUSE LT,Dining,19.56,
2023-11-22,2023-11-24,2398,ARITZIA MCARTHUR GLEN,Merchandise,57.48,
2023-11-21,2023-11-24,2398,CITY OF VAN PAYBYPHONE,Gas/Automotive,1.48,
2023-11-22,2023-11-24,2398,CHV43015 DELTA CHEVRON,Gas/Automotive,20.46,
2023-11-22,2023-11-24,2398,FISHERMAN'S TERRACE RESTA,Dining,96.97,
2023-11-22,2023-11-24,2398,McArthurGlen,Merchandise,27.26,
2023-11-21,2023-11-24,2398,BUN CHA CA HOANG YEN,Dining,51.07,
2023-11-22,2023-11-24,2398,GINSENG WORLD HEALTH FOOD,Merchandise,151.34,
2023-11-22,2023-11-24,2398,Mister Ice Cream,Dining,12.67,
2023-11-21,2023-11-22,2398,Amazon Prime*IT84L55Z3,Other Services,16.53,
2023-11-21,2023-11-22,2398,SQ *LYNN CANYON ECOLOGY C,Entertainment,6.14,
2023-11-21,2023-11-22,2398,KIRIN SEAFOOD RESTAURA,Dining,116.44,
2023-11-20,2023-11-22,2398,INDIGO PARK,Gas/Automotive,2.37,
2023-11-21,2023-11-22,2398,EASY PARK - PAYBYPHONE,Gas/Automotive,8.76,
2023-11-20,2023-11-21,2398,BARONESS BUBBLE TEA -,Dining,10.36,
2023-11-20,2023-11-21,2398,CHV43079 2 & WESTMINST,Gas/Automotive,14.61,
2023-11-20,2023-11-21,2398,CHV43079 2 & WESTMINST,Gas/Automotive,20.46,
2023-11-20,2023-11-21,2398,FORTUNE TERRACE CHINESE C,Dining,114.37,
2023-11-20,2023-11-21,2398,BIKES AND BLADES RENTAL,Merchandise,27.08,
2023-11-20,2023-11-21,2398,SAKU,Dining,64.27,
2023-11-19,2023-11-21,2398,PIKE PLACE MARKET PARKING,Gas/Automotive,8.00,
2023-11-20,2023-11-21,2398,TST* BEECHER'S HANDMADE C,Dining,23.90,
2023-11-19,2023-11-20,2398,TST* PIKE PLACE CHOWDER,Dining,10.41,
2023-11-18,2023-11-20,2398,REEBOK ECOMM,Merchandise,154.35,
2023-11-18,2023-11-20,2398,SQ *UN BIEN,Dining,7.72,
2023-11-18,2023-11-20,2398,SQ *UN BIEN,Dining,29.22,
2023-11-17,2023-11-18,2398,SQ *SALT & STRAW ICE CREA,Dining,7.72,
2023-11-15,2023-11-17,2398,WINGSTOP 740,Dining,85.87,
2023-11-15,2023-11-16,2398,COSTCO WHSE #0006,Merchandise,124.57,
2023-11-15,2023-11-16,2398,COSTCO WHSE #0006,Merchandise,86.93,
2023-11-15,2023-11-16,2398,COSTCO WHSE #0006,Merchandise,47.96,
2023-11-15,2023-11-16,2398,COSTCO WHSE #0006,Merchandise,47.31,
2023-11-14,2023-11-15,2398,AMZN Mktp US*757KD1JT3,Merchandise,38.18,
2023-11-14,2023-11-15,2398,Amazon Prime*UG3CC4IB3,Other Services,2.19,
2023-11-11,2023-11-13,2398,SHELL OIL 10015985004,Gas/Automotive,19.04,
2023-11-12,2023-11-13,2398,PAVO RESTAURANT,Dining,291.60,
2023-11-10,2023-11-11,2398,SQ *TACOS CHUKIS SOUTH LA,Dining,62.46,
2023-11-10,2023-11-11,2398,SP TYRRELLWINSTON,Merchandise,170.36,
2023-11-10,2023-11-11,2398,SP TYRRELLWINSTON,Merchandise,170.36,
2023-11-09,2023-11-11,2398,DOMINO'S 7144,Dining,13.44,
2023-11-10,2023-11-11,2398,AZUKI RESTAURANT,Dining,170.53,
2023-11-09,2023-11-10,2398,WP*Carrier Goods,Merchandise,107.12,
2023-11-09,2023-11-09,2398,CAPITAL ONE MOBILE PYMT,Payment/Credit,,694.14
2023-11-08,2023-11-09,2398,CHIPOTLE 0469,Dining,13.21,
2023-11-07,2023-11-08,2398,Carrier Goods,Merchandise,,107.25
2023-11-07,2023-11-08,2398,Carrier Goods,Merchandise,108.10,
2023-11-06,2023-11-08,2398,REINVENT-CAFE,Dining,11.58,
2023-11-06,2023-11-07,2398,WHOLEFDS WSL 10216,Merchandise,5.96,
2023-11-05,2023-11-07,2398,DISTRICT-H,Merchandise,13.22,
2023-11-03,2023-11-06,2398,PY *SUJUS COFFEE & TEA,Dining,4.99,
2023-11-02,2023-11-03,2398,SQ *SEN DAI SUSHI,Dining,61.56,
2023-11-01,2023-11-03,2398,THE BOILING CRAB,Dining,136.00,
2023-10-31,2023-11-01,2398,COSTCO WHSE #0778,Merchandise,48.45,
2023-10-31,2023-11-01,2398,TARGET        00026153,Merchandise,16.53,
2023-10-31,2023-10-31,2398,CAPITAL ONE MEMBER FEE,Fee/Interest Charge,395.00,

